id,url,postId,authorId,createdAt,updatedAt
1,https://znmzqhaphohpkdunuiqu.supabase.co/storage/v1/object/public/omaha-playground-collective/3180264634149933232-1.jpg,60,clpzow697000310stkk4w574j,2023-12-23 20:22:15.397,2023-12-23 20:22:15.397
2,https://znmzqhaphohpkdunuiqu.supabase.co/storage/v1/object/public/omaha-playground-collective/3180264634149933232-2.jpg,60,clpzow697000310stkk4w574j,2023-12-23 20:22:15.397,2023-12-23 20:22:15.397
3,https://znmzqhaphohpkdunuiqu.supabase.co/storage/v1/object/public/omaha-playground-collective/3180264634149933232-3.jpg,60,clpzow697000310stkk4w574j,2023-12-23 20:22:15.397,2023-12-23 20:22:15.397
4,https://znmzqhaphohpkdunuiqu.supabase.co/storage/v1/object/public/omaha-playground-collective/3180264634149933232-4.jpg,60,clpzow697000310stkk4w574j,2023-12-23 20:22:15.397,2023-12-23 20:22:15.397
5,https://znmzqhaphohpkdunuiqu.supabase.co/storage/v1/object/public/omaha-playground-collective/3180264634149933232-5.jpg,60,clpzow697000310stkk4w574j,2023-12-23 20:22:15.397,2023-12-23 20:22:15.397
6,https://znmzqhaphohpkdunuiqu.supabase.co/storage/v1/object/public/omaha-playground-collective/3180264634149933232-6.jpg,60,clpzow697000310stkk4w574j,2023-12-23 20:22:15.397,2023-12-23 20:22:15.397
7,https://znmzqhaphohpkdunuiqu.supabase.co/storage/v1/object/public/omaha-playground-collective/3180264634149933232-7.jpg,60,clpzow697000310stkk4w574j,2023-12-23 20:22:15.397,2023-12-23 20:22:15.397
8,https://znmzqhaphohpkdunuiqu.supabase.co/storage/v1/object/public/omaha-playground-collective/3165024884908351240-1.jpg,67,clpzow697000310stkk4w574j,2023-12-23 20:22:15.397,2023-12-23 20:22:15.397
9,https://znmzqhaphohpkdunuiqu.supabase.co/storage/v1/object/public/omaha-playground-collective/3165024884908351240-2.jpg,67,clpzow697000310stkk4w574j,2023-12-23 20:22:15.397,2023-12-23 20:22:15.397
10,https://znmzqhaphohpkdunuiqu.supabase.co/storage/v1/object/public/omaha-playground-collective/3165024884908351240-3.jpg,67,clpzow697000310stkk4w574j,2023-12-23 20:22:15.397,2023-12-23 20:22:15.397
11,https://znmzqhaphohpkdunuiqu.supabase.co/storage/v1/object/public/omaha-playground-collective/3192077396160661654-1.jpg,41,clpzow697000310stkk4w574j,2023-12-23 20:22:15.397,2023-12-23 20:22:15.397
12,https://znmzqhaphohpkdunuiqu.supabase.co/storage/v1/object/public/omaha-playground-collective/3192077396160661654-2.jpg,41,clpzow697000310stkk4w574j,2023-12-23 20:22:15.397,2023-12-23 20:22:15.397
13,https://znmzqhaphohpkdunuiqu.supabase.co/storage/v1/object/public/omaha-playground-collective/3192077396160661654-3.jpg,41,clpzow697000310stkk4w574j,2023-12-23 20:22:15.397,2023-12-23 20:22:15.397
14,https://znmzqhaphohpkdunuiqu.supabase.co/storage/v1/object/public/omaha-playground-collective/3192077396160661654-4.jpg,41,clpzow697000310stkk4w574j,2023-12-23 20:22:15.397,2023-12-23 20:22:15.397
15,https://znmzqhaphohpkdunuiqu.supabase.co/storage/v1/object/public/omaha-playground-collective/3192077396160661654-5.jpg,41,clpzow697000310stkk4w574j,2023-12-23 20:22:15.397,2023-12-23 20:22:15.397
16,https://znmzqhaphohpkdunuiqu.supabase.co/storage/v1/object/public/omaha-playground-collective/3211512257410108727-1.jpg,42,clpzow697000310stkk4w574j,2023-12-23 20:22:15.397,2023-12-23 20:22:15.397
17,https://znmzqhaphohpkdunuiqu.supabase.co/storage/v1/object/public/omaha-playground-collective/3211512257410108727-2.jpg,42,clpzow697000310stkk4w574j,2023-12-23 20:22:15.397,2023-12-23 20:22:15.397
18,https://znmzqhaphohpkdunuiqu.supabase.co/storage/v1/object/public/omaha-playground-collective/3211512257410108727-3.jpg,42,clpzow697000310stkk4w574j,2023-12-23 20:22:15.397,2023-12-23 20:22:15.397
19,https://znmzqhaphohpkdunuiqu.supabase.co/storage/v1/object/public/omaha-playground-collective/3211512257410108727-4.jpg,42,clpzow697000310stkk4w574j,2023-12-23 20:22:15.397,2023-12-23 20:22:15.397
20,https://znmzqhaphohpkdunuiqu.supabase.co/storage/v1/object/public/omaha-playground-collective/3211512257410108727-5.jpg,42,clpzow697000310stkk4w574j,2023-12-23 20:22:15.397,2023-12-23 20:22:15.397
21,https://znmzqhaphohpkdunuiqu.supabase.co/storage/v1/object/public/omaha-playground-collective/3198394693687493859-1.jpg,44,clpzow697000310stkk4w574j,2023-12-23 20:22:15.397,2023-12-23 20:22:15.397
22,https://znmzqhaphohpkdunuiqu.supabase.co/storage/v1/object/public/omaha-playground-collective/3198394693687493859-2.jpg,44,clpzow697000310stkk4w574j,2023-12-23 20:22:15.397,2023-12-23 20:22:15.397
23,https://znmzqhaphohpkdunuiqu.supabase.co/storage/v1/object/public/omaha-playground-collective/3198394693687493859-3.jpg,44,clpzow697000310stkk4w574j,2023-12-23 20:22:15.397,2023-12-23 20:22:15.397
24,https://znmzqhaphohpkdunuiqu.supabase.co/storage/v1/object/public/omaha-playground-collective/3198394693687493859-4.jpg,44,clpzow697000310stkk4w574j,2023-12-23 20:22:15.397,2023-12-23 20:22:15.397
25,https://znmzqhaphohpkdunuiqu.supabase.co/storage/v1/object/public/omaha-playground-collective/3198394693687493859-5.jpg,44,clpzow697000310stkk4w574j,2023-12-23 20:22:15.397,2023-12-23 20:22:15.397
26,https://znmzqhaphohpkdunuiqu.supabase.co/storage/v1/object/public/omaha-playground-collective/3198394693687493859-6.jpg,44,clpzow697000310stkk4w574j,2023-12-23 20:22:15.397,2023-12-23 20:22:15.397
27,https://znmzqhaphohpkdunuiqu.supabase.co/storage/v1/object/public/omaha-playground-collective/3198394693687493859-7.jpg,44,clpzow697000310stkk4w574j,2023-12-23 20:22:15.397,2023-12-23 20:22:15.397
28,https://znmzqhaphohpkdunuiqu.supabase.co/storage/v1/object/public/omaha-playground-collective/3198394693687493859-8.jpg,44,clpzow697000310stkk4w574j,2023-12-23 20:22:15.397,2023-12-23 20:22:15.397
29,https://znmzqhaphohpkdunuiqu.supabase.co/storage/v1/object/public/omaha-playground-collective/3198394693687493859-9.jpg,44,clpzow697000310stkk4w574j,2023-12-23 20:22:15.397,2023-12-23 20:22:15.397
30,https://znmzqhaphohpkdunuiqu.supabase.co/storage/v1/object/public/omaha-playground-collective/3198394693687493859-10.jpg,44,clpzow697000310stkk4w574j,2023-12-23 20:22:15.397,2023-12-23 20:22:15.397
31,https://znmzqhaphohpkdunuiqu.supabase.co/storage/v1/object/public/omaha-playground-collective/3186089261061279459-1.jpg,47,clpzow697000310stkk4w574j,2023-12-23 20:22:15.397,2023-12-23 20:22:15.397
32,https://znmzqhaphohpkdunuiqu.supabase.co/storage/v1/object/public/omaha-playground-collective/3186089261061279459-2.jpg,47,clpzow697000310stkk4w574j,2023-12-23 20:22:15.397,2023-12-23 20:22:15.397
33,https://znmzqhaphohpkdunuiqu.supabase.co/storage/v1/object/public/omaha-playground-collective/3186089261061279459-3.jpg,47,clpzow697000310stkk4w574j,2023-12-23 20:22:15.397,2023-12-23 20:22:15.397
34,https://znmzqhaphohpkdunuiqu.supabase.co/storage/v1/object/public/omaha-playground-collective/3186089261061279459-4.jpg,47,clpzow697000310stkk4w574j,2023-12-23 20:22:15.397,2023-12-23 20:22:15.397
35,https://znmzqhaphohpkdunuiqu.supabase.co/storage/v1/object/public/omaha-playground-collective/3186089261061279459-5.jpg,47,clpzow697000310stkk4w574j,2023-12-23 20:22:15.397,2023-12-23 20:22:15.397
36,https://znmzqhaphohpkdunuiqu.supabase.co/storage/v1/object/public/omaha-playground-collective/3190237634202508779-1.jpg,45,clpzow697000310stkk4w574j,2023-12-23 20:22:15.397,2023-12-23 20:22:15.397
37,https://znmzqhaphohpkdunuiqu.supabase.co/storage/v1/object/public/omaha-playground-collective/3190237634202508779-2.jpg,45,clpzow697000310stkk4w574j,2023-12-23 20:22:15.397,2023-12-23 20:22:15.397
38,https://znmzqhaphohpkdunuiqu.supabase.co/storage/v1/object/public/omaha-playground-collective/3190237634202508779-3.jpg,45,clpzow697000310stkk4w574j,2023-12-23 20:22:15.397,2023-12-23 20:22:15.397
39,https://znmzqhaphohpkdunuiqu.supabase.co/storage/v1/object/public/omaha-playground-collective/3190237634202508779-4.jpg,45,clpzow697000310stkk4w574j,2023-12-23 20:22:15.397,2023-12-23 20:22:15.397
40,https://znmzqhaphohpkdunuiqu.supabase.co/storage/v1/object/public/omaha-playground-collective/3203412088441257724-1.jpg,43,clpzow697000310stkk4w574j,2023-12-23 20:22:15.397,2023-12-23 20:22:15.397
41,https://znmzqhaphohpkdunuiqu.supabase.co/storage/v1/object/public/omaha-playground-collective/3203412088441257724-2.jpg,43,clpzow697000310stkk4w574j,2023-12-23 20:22:15.397,2023-12-23 20:22:15.397
42,https://znmzqhaphohpkdunuiqu.supabase.co/storage/v1/object/public/omaha-playground-collective/3203412088441257724-3.jpg,43,clpzow697000310stkk4w574j,2023-12-23 20:22:15.397,2023-12-23 20:22:15.397
43,https://znmzqhaphohpkdunuiqu.supabase.co/storage/v1/object/public/omaha-playground-collective/3203412088441257724-4.jpg,43,clpzow697000310stkk4w574j,2023-12-23 20:22:15.397,2023-12-23 20:22:15.397
44,https://znmzqhaphohpkdunuiqu.supabase.co/storage/v1/object/public/omaha-playground-collective/3203412088441257724-5.jpg,43,clpzow697000310stkk4w574j,2023-12-23 20:22:15.397,2023-12-23 20:22:15.397
45,https://znmzqhaphohpkdunuiqu.supabase.co/storage/v1/object/public/omaha-playground-collective/3170861498939402128-1.jpg,51,clpzow697000310stkk4w574j,2023-12-23 20:22:15.397,2023-12-23 20:22:15.397
46,https://znmzqhaphohpkdunuiqu.supabase.co/storage/v1/object/public/omaha-playground-collective/3170861498939402128-2.jpg,51,clpzow697000310stkk4w574j,2023-12-23 20:22:15.397,2023-12-23 20:22:15.397
47,https://znmzqhaphohpkdunuiqu.supabase.co/storage/v1/object/public/omaha-playground-collective/3170861498939402128-3.jpg,51,clpzow697000310stkk4w574j,2023-12-23 20:22:15.397,2023-12-23 20:22:15.397
48,https://znmzqhaphohpkdunuiqu.supabase.co/storage/v1/object/public/omaha-playground-collective/3179528285889277853-1.jpg,49,clpzow697000310stkk4w574j,2023-12-23 20:22:15.397,2023-12-23 20:22:15.397
49,https://znmzqhaphohpkdunuiqu.supabase.co/storage/v1/object/public/omaha-playground-collective/3179528285889277853-2.jpg,49,clpzow697000310stkk4w574j,2023-12-23 20:22:15.397,2023-12-23 20:22:15.397
50,https://znmzqhaphohpkdunuiqu.supabase.co/storage/v1/object/public/omaha-playground-collective/3179528285889277853-3.jpg,49,clpzow697000310stkk4w574j,2023-12-23 20:22:15.397,2023-12-23 20:22:15.397
51,https://znmzqhaphohpkdunuiqu.supabase.co/storage/v1/object/public/omaha-playground-collective/3171593639507770376-1.jpg,52,clpzow697000310stkk4w574j,2023-12-23 20:22:15.397,2023-12-23 20:22:15.397
52,https://znmzqhaphohpkdunuiqu.supabase.co/storage/v1/object/public/omaha-playground-collective/3171593639507770376-2.jpg,52,clpzow697000310stkk4w574j,2023-12-23 20:22:15.397,2023-12-23 20:22:15.397
53,https://znmzqhaphohpkdunuiqu.supabase.co/storage/v1/object/public/omaha-playground-collective/3167935339750394081-1.jpg,50,clpzow697000310stkk4w574j,2023-12-23 20:22:15.397,2023-12-23 20:22:15.397
54,https://znmzqhaphohpkdunuiqu.supabase.co/storage/v1/object/public/omaha-playground-collective/3167935339750394081-2.jpg,50,clpzow697000310stkk4w574j,2023-12-23 20:22:15.397,2023-12-23 20:22:15.397
55,https://znmzqhaphohpkdunuiqu.supabase.co/storage/v1/object/public/omaha-playground-collective/3167935339750394081-3.jpg,50,clpzow697000310stkk4w574j,2023-12-23 20:22:15.397,2023-12-23 20:22:15.397
56,https://znmzqhaphohpkdunuiqu.supabase.co/storage/v1/object/public/omaha-playground-collective/3167935339750394081-4.jpg,50,clpzow697000310stkk4w574j,2023-12-23 20:22:15.397,2023-12-23 20:22:15.397
57,https://znmzqhaphohpkdunuiqu.supabase.co/storage/v1/object/public/omaha-playground-collective/3168742558008093149-1.jpg,54,clpzow697000310stkk4w574j,2023-12-23 20:22:15.397,2023-12-23 20:22:15.397
58,https://znmzqhaphohpkdunuiqu.supabase.co/storage/v1/object/public/omaha-playground-collective/3168742558008093149-2.jpg,54,clpzow697000310stkk4w574j,2023-12-23 20:22:15.397,2023-12-23 20:22:15.397
59,https://znmzqhaphohpkdunuiqu.supabase.co/storage/v1/object/public/omaha-playground-collective/3168742558008093149-3.jpg,54,clpzow697000310stkk4w574j,2023-12-23 20:22:15.397,2023-12-23 20:22:15.397
60,https://znmzqhaphohpkdunuiqu.supabase.co/storage/v1/object/public/omaha-playground-collective/3168742558008093149-4.jpg,54,clpzow697000310stkk4w574j,2023-12-23 20:22:15.397,2023-12-23 20:22:15.397
61,https://znmzqhaphohpkdunuiqu.supabase.co/storage/v1/object/public/omaha-playground-collective/3168742558008093149-5.jpg,54,clpzow697000310stkk4w574j,2023-12-23 20:22:15.397,2023-12-23 20:22:15.397
62,https://znmzqhaphohpkdunuiqu.supabase.co/storage/v1/object/public/omaha-playground-collective/3168742558008093149-6.jpg,54,clpzow697000310stkk4w574j,2023-12-23 20:22:15.397,2023-12-23 20:22:15.397
63,https://znmzqhaphohpkdunuiqu.supabase.co/storage/v1/object/public/omaha-playground-collective/3173256990893206689-1.jpg,55,clpzow697000310stkk4w574j,2023-12-23 20:22:15.397,2023-12-23 20:22:15.397
64,https://znmzqhaphohpkdunuiqu.supabase.co/storage/v1/object/public/omaha-playground-collective/3173256990893206689-2.jpg,55,clpzow697000310stkk4w574j,2023-12-23 20:22:15.397,2023-12-23 20:22:15.397
65,https://znmzqhaphohpkdunuiqu.supabase.co/storage/v1/object/public/omaha-playground-collective/3173256990893206689-3.jpg,55,clpzow697000310stkk4w574j,2023-12-23 20:22:15.397,2023-12-23 20:22:15.397
66,https://znmzqhaphohpkdunuiqu.supabase.co/storage/v1/object/public/omaha-playground-collective/3173256990893206689-4.jpg,55,clpzow697000310stkk4w574j,2023-12-23 20:22:15.397,2023-12-23 20:22:15.397
67,https://znmzqhaphohpkdunuiqu.supabase.co/storage/v1/object/public/omaha-playground-collective/3173256990893206689-5.jpg,55,clpzow697000310stkk4w574j,2023-12-23 20:22:15.397,2023-12-23 20:22:15.397
68,https://znmzqhaphohpkdunuiqu.supabase.co/storage/v1/object/public/omaha-playground-collective/3173256990893206689-6.jpg,55,clpzow697000310stkk4w574j,2023-12-23 20:22:15.397,2023-12-23 20:22:15.397
69,https://znmzqhaphohpkdunuiqu.supabase.co/storage/v1/object/public/omaha-playground-collective/3177584228551653959-1.jpg,57,clpzow697000310stkk4w574j,2023-12-23 20:22:15.397,2023-12-23 20:22:15.397
70,https://znmzqhaphohpkdunuiqu.supabase.co/storage/v1/object/public/omaha-playground-collective/3177584228551653959-2.jpg,57,clpzow697000310stkk4w574j,2023-12-23 20:22:15.397,2023-12-23 20:22:15.397
71,https://znmzqhaphohpkdunuiqu.supabase.co/storage/v1/object/public/omaha-playground-collective/3177584228551653959-3.jpg,57,clpzow697000310stkk4w574j,2023-12-23 20:22:15.397,2023-12-23 20:22:15.397
72,https://znmzqhaphohpkdunuiqu.supabase.co/storage/v1/object/public/omaha-playground-collective/3177584228551653959-4.jpg,57,clpzow697000310stkk4w574j,2023-12-23 20:22:15.397,2023-12-23 20:22:15.397
73,https://znmzqhaphohpkdunuiqu.supabase.co/storage/v1/object/public/omaha-playground-collective/3166501207455559856-1.jpg,56,clpzow697000310stkk4w574j,2023-12-23 20:22:15.397,2023-12-23 20:22:15.397
74,https://znmzqhaphohpkdunuiqu.supabase.co/storage/v1/object/public/omaha-playground-collective/3166501207455559856-2.jpg,56,clpzow697000310stkk4w574j,2023-12-23 20:22:15.397,2023-12-23 20:22:15.397
75,https://znmzqhaphohpkdunuiqu.supabase.co/storage/v1/object/public/omaha-playground-collective/3166501207455559856-3.jpg,56,clpzow697000310stkk4w574j,2023-12-23 20:22:15.397,2023-12-23 20:22:15.397
76,https://znmzqhaphohpkdunuiqu.supabase.co/storage/v1/object/public/omaha-playground-collective/3166501207455559856-4.jpg,56,clpzow697000310stkk4w574j,2023-12-23 20:22:15.397,2023-12-23 20:22:15.397
77,https://znmzqhaphohpkdunuiqu.supabase.co/storage/v1/object/public/omaha-playground-collective/3166501207455559856-5.jpg,56,clpzow697000310stkk4w574j,2023-12-23 20:22:15.397,2023-12-23 20:22:15.397
78,https://znmzqhaphohpkdunuiqu.supabase.co/storage/v1/object/public/omaha-playground-collective/3166501207455559856-6.jpg,56,clpzow697000310stkk4w574j,2023-12-23 20:22:15.397,2023-12-23 20:22:15.397
79,https://znmzqhaphohpkdunuiqu.supabase.co/storage/v1/object/public/omaha-playground-collective/3242424126551019585-1.jpg,61,clpzow697000310stkk4w574j,2023-12-23 20:22:15.397,2023-12-23 20:22:15.397
80,https://znmzqhaphohpkdunuiqu.supabase.co/storage/v1/object/public/omaha-playground-collective/3242424126551019585-2.jpg,61,clpzow697000310stkk4w574j,2023-12-23 20:22:15.397,2023-12-23 20:22:15.397
81,https://znmzqhaphohpkdunuiqu.supabase.co/storage/v1/object/public/omaha-playground-collective/3242424126551019585-3.jpg,61,clpzow697000310stkk4w574j,2023-12-23 20:22:15.397,2023-12-23 20:22:15.397
82,https://znmzqhaphohpkdunuiqu.supabase.co/storage/v1/object/public/omaha-playground-collective/3165777080046067124-1.jpg,66,clpzow697000310stkk4w574j,2023-12-23 20:22:15.397,2023-12-23 20:22:15.397
83,https://znmzqhaphohpkdunuiqu.supabase.co/storage/v1/object/public/omaha-playground-collective/3165777080046067124-2.jpg,66,clpzow697000310stkk4w574j,2023-12-23 20:22:15.397,2023-12-23 20:22:15.397
84,https://znmzqhaphohpkdunuiqu.supabase.co/storage/v1/object/public/omaha-playground-collective/3165777080046067124-3.jpg,66,clpzow697000310stkk4w574j,2023-12-23 20:22:15.397,2023-12-23 20:22:15.397
85,https://znmzqhaphohpkdunuiqu.supabase.co/storage/v1/object/public/omaha-playground-collective/3165777080046067124-4.jpg,66,clpzow697000310stkk4w574j,2023-12-23 20:22:15.397,2023-12-23 20:22:15.397
86,https://znmzqhaphohpkdunuiqu.supabase.co/storage/v1/object/public/omaha-playground-collective/3165777080046067124-5.jpg,66,clpzow697000310stkk4w574j,2023-12-23 20:22:15.397,2023-12-23 20:22:15.397
87,https://znmzqhaphohpkdunuiqu.supabase.co/storage/v1/object/public/omaha-playground-collective/3164331441768662895-1.jpg,64,clpzow697000310stkk4w574j,2023-12-23 20:22:15.397,2023-12-23 20:22:15.397
88,https://znmzqhaphohpkdunuiqu.supabase.co/storage/v1/object/public/omaha-playground-collective/3164331441768662895-2.jpg,64,clpzow697000310stkk4w574j,2023-12-23 20:22:15.397,2023-12-23 20:22:15.397
89,https://znmzqhaphohpkdunuiqu.supabase.co/storage/v1/object/public/omaha-playground-collective/3228904787999100327-1.jpg,40,clpzow697000310stkk4w574j,2023-12-23 20:22:15.397,2023-12-23 20:22:15.397
90,https://znmzqhaphohpkdunuiqu.supabase.co/storage/v1/object/public/omaha-playground-collective/3228904787999100327-2.jpg,40,clpzow697000310stkk4w574j,2023-12-23 20:22:15.397,2023-12-23 20:22:15.397
91,https://znmzqhaphohpkdunuiqu.supabase.co/storage/v1/object/public/omaha-playground-collective/3228904787999100327-3.jpg,40,clpzow697000310stkk4w574j,2023-12-23 20:22:15.397,2023-12-23 20:22:15.397
92,https://znmzqhaphohpkdunuiqu.supabase.co/storage/v1/object/public/omaha-playground-collective/3228904787999100327-4.jpg,40,clpzow697000310stkk4w574j,2023-12-23 20:22:15.397,2023-12-23 20:22:15.397
93,https://znmzqhaphohpkdunuiqu.supabase.co/storage/v1/object/public/omaha-playground-collective/3228904787999100327-5.jpg,40,clpzow697000310stkk4w574j,2023-12-23 20:22:15.397,2023-12-23 20:22:15.397
94,https://znmzqhaphohpkdunuiqu.supabase.co/storage/v1/object/public/omaha-playground-collective/3228904787999100327-6.jpg,40,clpzow697000310stkk4w574j,2023-12-23 20:22:15.397,2023-12-23 20:22:15.397
95,https://znmzqhaphohpkdunuiqu.supabase.co/storage/v1/object/public/omaha-playground-collective/3228904787999100327-7.jpg,40,clpzow697000310stkk4w574j,2023-12-23 20:22:15.397,2023-12-23 20:22:15.397
96,https://znmzqhaphohpkdunuiqu.supabase.co/storage/v1/object/public/omaha-playground-collective/3228904787999100327-8.jpg,40,clpzow697000310stkk4w574j,2023-12-23 20:22:15.397,2023-12-23 20:22:15.397
97,https://znmzqhaphohpkdunuiqu.supabase.co/storage/v1/object/public/omaha-playground-collective/3228904787999100327-9.jpg,40,clpzow697000310stkk4w574j,2023-12-23 20:22:15.397,2023-12-23 20:22:15.397
98,https://znmzqhaphohpkdunuiqu.supabase.co/storage/v1/object/public/omaha-playground-collective/3215744182186095220-1.jpg,58,clpzow697000310stkk4w574j,2023-12-23 20:22:15.397,2023-12-23 20:22:15.397
99,https://znmzqhaphohpkdunuiqu.supabase.co/storage/v1/object/public/omaha-playground-collective/3215744182186095220-2.jpg,58,clpzow697000310stkk4w574j,2023-12-23 20:22:15.397,2023-12-23 20:22:15.397
100,https://znmzqhaphohpkdunuiqu.supabase.co/storage/v1/object/public/omaha-playground-collective/3215744182186095220-3.jpg,58,clpzow697000310stkk4w574j,2023-12-23 20:22:15.397,2023-12-23 20:22:15.397
101,https://znmzqhaphohpkdunuiqu.supabase.co/storage/v1/object/public/omaha-playground-collective/3215744182186095220-4.jpg,58,clpzow697000310stkk4w574j,2023-12-23 20:22:15.397,2023-12-23 20:22:15.397
102,https://znmzqhaphohpkdunuiqu.supabase.co/storage/v1/object/public/omaha-playground-collective/3183381106770001397-1.jpg,62,clpzow697000310stkk4w574j,2023-12-23 20:22:15.397,2023-12-23 20:22:15.397
103,https://znmzqhaphohpkdunuiqu.supabase.co/storage/v1/object/public/omaha-playground-collective/3183381106770001397-2.jpg,62,clpzow697000310stkk4w574j,2023-12-23 20:22:15.397,2023-12-23 20:22:15.397
104,https://znmzqhaphohpkdunuiqu.supabase.co/storage/v1/object/public/omaha-playground-collective/3183381106770001397-3.jpg,62,clpzow697000310stkk4w574j,2023-12-23 20:22:15.397,2023-12-23 20:22:15.397
105,https://znmzqhaphohpkdunuiqu.supabase.co/storage/v1/object/public/omaha-playground-collective/3183381106770001397-4.jpg,62,clpzow697000310stkk4w574j,2023-12-23 20:22:15.397,2023-12-23 20:22:15.397
106,https://znmzqhaphohpkdunuiqu.supabase.co/storage/v1/object/public/omaha-playground-collective/3183381106770001397-5.jpg,62,clpzow697000310stkk4w574j,2023-12-23 20:22:15.397,2023-12-23 20:22:15.397
107,https://znmzqhaphohpkdunuiqu.supabase.co/storage/v1/object/public/omaha-playground-collective/3183381106770001397-6.jpg,62,clpzow697000310stkk4w574j,2023-12-23 20:22:15.397,2023-12-23 20:22:15.397
108,https://znmzqhaphohpkdunuiqu.supabase.co/storage/v1/object/public/omaha-playground-collective/3183381106770001397-7.jpg,62,clpzow697000310stkk4w574j,2023-12-23 20:22:15.397,2023-12-23 20:22:15.397
109,https://znmzqhaphohpkdunuiqu.supabase.co/storage/v1/object/public/omaha-playground-collective/3182967721066980978-1.jpg,59,clpzow697000310stkk4w574j,2023-12-23 20:22:15.397,2023-12-23 20:22:15.397
110,https://znmzqhaphohpkdunuiqu.supabase.co/storage/v1/object/public/omaha-playground-collective/3182967721066980978-2.jpg,59,clpzow697000310stkk4w574j,2023-12-23 20:22:15.397,2023-12-23 20:22:15.397
111,https://znmzqhaphohpkdunuiqu.supabase.co/storage/v1/object/public/omaha-playground-collective/3182967721066980978-3.jpg,59,clpzow697000310stkk4w574j,2023-12-23 20:22:15.397,2023-12-23 20:22:15.397
112,https://znmzqhaphohpkdunuiqu.supabase.co/storage/v1/object/public/omaha-playground-collective/3182967721066980978-4.jpg,59,clpzow697000310stkk4w574j,2023-12-23 20:22:15.397,2023-12-23 20:22:15.397
113,https://znmzqhaphohpkdunuiqu.supabase.co/storage/v1/object/public/omaha-playground-collective/3182967721066980978-5.jpg,59,clpzow697000310stkk4w574j,2023-12-23 20:22:15.397,2023-12-23 20:22:15.397
114,https://znmzqhaphohpkdunuiqu.supabase.co/storage/v1/object/public/omaha-playground-collective/3182967721066980978-6.jpg,59,clpzow697000310stkk4w574j,2023-12-23 20:22:15.397,2023-12-23 20:22:15.397
115,https://znmzqhaphohpkdunuiqu.supabase.co/storage/v1/object/public/omaha-playground-collective/3182967721066980978-7.jpg,59,clpzow697000310stkk4w574j,2023-12-23 20:22:15.397,2023-12-23 20:22:15.397
116,https://znmzqhaphohpkdunuiqu.supabase.co/storage/v1/object/public/omaha-playground-collective/3182967721066980978-8.jpg,59,clpzow697000310stkk4w574j,2023-12-23 20:22:15.397,2023-12-23 20:22:15.397
117,https://znmzqhaphohpkdunuiqu.supabase.co/storage/v1/object/public/omaha-playground-collective/3178103128448599713-1.jpg,48,clpzow697000310stkk4w574j,2023-12-23 20:22:15.397,2023-12-23 20:22:15.397
118,https://znmzqhaphohpkdunuiqu.supabase.co/storage/v1/object/public/omaha-playground-collective/3178103128448599713-2.jpg,48,clpzow697000310stkk4w574j,2023-12-23 20:22:15.397,2023-12-23 20:22:15.397
119,https://znmzqhaphohpkdunuiqu.supabase.co/storage/v1/object/public/omaha-playground-collective/3178103128448599713-3.jpg,48,clpzow697000310stkk4w574j,2023-12-23 20:22:15.397,2023-12-23 20:22:15.397
120,https://znmzqhaphohpkdunuiqu.supabase.co/storage/v1/object/public/omaha-playground-collective/3178103128448599713-4.jpg,48,clpzow697000310stkk4w574j,2023-12-23 20:22:15.397,2023-12-23 20:22:15.397
121,https://znmzqhaphohpkdunuiqu.supabase.co/storage/v1/object/public/omaha-playground-collective/3178103128448599713-5.jpg,48,clpzow697000310stkk4w574j,2023-12-23 20:22:15.397,2023-12-23 20:22:15.397
122,https://znmzqhaphohpkdunuiqu.supabase.co/storage/v1/object/public/omaha-playground-collective/3178103128448599713-6.jpg,48,clpzow697000310stkk4w574j,2023-12-23 20:22:15.397,2023-12-23 20:22:15.397